,cik,name
0,6955,['ACTUANT CORP' 'ENERPAC TOOL GROUP CORP']
1,8146,"['ASTRO MED INC /NEW/' 'ASTRONOVA, INC.']"
2,18926,"['CENTURYLINK, INC' 'LUMEN TECHNOLOGIES, INC.']"
3,20520,"['FRONTIER COMMUNICATIONS CORP' 'FRONTIER COMMUNICATIONS PARENT, INC.']"
4,27093,['DATARAM CORP' 'U.S. GOLD CORP.']
5,28823,"['DIEBOLD INC' 'DIEBOLD NIXDORF, INC']"
6,43196,"['GRAY TELEVISION INC' 'GRAY MEDIA, INC']"
7,47217,['HEWLETT PACKARD CO' 'HP INC']
8,50471,"['PARK CITY GROUP INC' 'REPOSITRAK, INC.']"
9,59478,['LILLY ELI & CO' 'ELI LILLY & CO']
10,67887,['MOOG INC' 'MOOG INC.']
11,70866,['NCR CORP' 'NCR VOYIX CORP']
12,71557,"['NEW ULM TELECOM INC' 'NUVERA COMMUNICATIONS, INC.']"
13,72444,"['NABI BIOPHARMACEUTICALS' 'BIOTA PHARMACEUTICALS, INC.'
 'AVIRAGEN THERAPEUTICS, INC.' 'VAXART, INC.']"
14,77360,['PENTAIR INC' 'PENTAIR LTD' 'PENTAIR PLC']
15,88205,"['SPX CORP' 'SPX TECHNOLOGIES, INC.']"
16,109657,"['OXIS INTERNATIONAL INC' 'GT BIOPHARMA, INC.']"
17,216228,['ITT CORP' 'ITT INC.']
18,278165,"['QUEST SOLUTION, INC.' 'OMNIQ CORP.']"
19,310158,"['MERCK & CO. INC.' 'MERCK & CO., INC.']"
20,315545,"['PROVECTUS PHARMACEUTICALS INC' 'PROVECTUS BIOPHARMACEUTICALS, INC.']"
21,318306,"['ACCESS PHARMACEUTICALS INC' 'PLASMATECH BIOPHARMACEUTICALS INC'
 'ABEONA THERAPEUTICS INC.']"
22,320340,['INTELLIGENT SYSTEMS CORP' 'CORECARD CORP']
23,352998,"['IGI LABORATORIES, INC' 'TELIGENT, INC.']"
24,715446,['COPYTELE INC' 'ANIXA BIOSCIENCES INC']
25,723533,"['PAY MOBILE, INC' 'DEPHASIUM CORP.' 'ALLIED VENTURES HOLDINGS CORP.'
 'LONGWEN GROUP CORP.']"
26,725876,['FUNCTION (X) INC.' 'VIGGLE INC.' 'FUNCTION(X) INC.']
27,727510,"['ENZON PHARMACEUTICALS INC' 'ENZON PHARMACEUTICALS, INC.']"
28,732026,['TRIO TECH INTERNATIONAL' 'TRIO-TECH INTERNATIONAL']
29,733269,"['ACXIOM CORP' 'LIVERAMP HOLDINGS, INC.']"
30,737207,"['MARINA BIOTECH, INC.' 'ADHERA THERAPEUTICS, INC.']"
31,746210,"['GLOWPOINT, INC.' 'OBLONG, INC.']"
32,748268,"['TIMEFIREVR INC.' 'RED CAT HOLDINGS, INC.']"
33,748592,"['NTN BUZZTIME INC' 'BROOKLYN IMMUNOTHERAPEUTICS, INC.'
 'ETERNA THERAPEUTICS INC.']"
34,749038,"['CONCURRENT COMPUTER CORP/DE' 'CCUR HOLDINGS, INC.']"
35,749647,"['CELSION CORP' 'IMUNON, INC.']"
36,750004,"['SCIENTIFIC GAMES CORP' 'LIGHT & WONDER, INC.']"
37,769397,"['AUTODESK INC' 'AUTODESK, INC.']"
38,779152,['HENRY JACK & ASSOCIATES INC' 'JACK HENRY & ASSOCIATES INC']
39,791908,['XOMA CORP' 'XOMA ROYALTY CORP']
40,793171,"['VITRO DIAGNOSTICS INC' 'VITRO BIOPHARMA, INC.']"
41,794323,"['LEVEL 3 COMMUNICATIONS INC' 'LEVEL 3 PARENT, LLC']"
42,796343,['ADOBE SYSTEMS INC' 'ADOBE INC.']
43,799698,['CYTRX CORP' 'LADRX CORP']
44,803578,"['INFORMATION ANALYSIS INC' 'WAVEDANCER, INC.'
 'FIREFLY NEUROSCIENCE, INC.']"
45,808461,"['GENERAL COMMUNICATION INC' 'GCI LIBERTY, INC.']"
46,818033,"['AP PHARMA INC /DE/' 'HERON THERAPEUTICS, INC. /DE/']"
47,819926,"['CLEANTECH SOLUTIONS INTERNATIONAL, INC.,'
 'SHARING ECONOMY INTERNATIONAL INC.']"
48,821995,['COLUMBIA LABORATORIES INC' 'JUNIPER PHARMACEUTICALS INC']
49,824142,"['AAON INC' 'AAON, INC.']"
50,832428,['SCRIPPS E W CO /DE' 'E.W. SCRIPPS CO']
51,842013,"['MEDEFILE INTERNATIONAL, INC.' 'HASH LABS INC.' 'CORO GLOBAL INC.']"
52,842023,['TECHNE CORP /MN/' 'BIO-TECHNE CORP']
53,849145,['COUNSEL RB CAPITAL INC.' 'HERITAGE GLOBAL INC.']
54,849399,['SYMANTEC CORP' 'NORTONLIFELOCK INC.' 'GEN DIGITAL INC.']
55,849636,['CORTEX PHARMACEUTICALS INC/DE/' 'RESPIRERX PHARMACEUTICALS INC.']
56,850660,"['THERMADYNE HOLDINGS CORP /DE' 'VICTOR TECHNOLOGIES GROUP, INC.']"
57,857005,['PARAMETRIC TECHNOLOGY CORP' 'PTC INC.']
58,858877,"['CISCO SYSTEMS INC' 'CISCO SYSTEMS, INC.']"
59,860543,"['CHINA GRAND RESORTS, INC.' 'JACKSAM CORP']"
60,862861,['JANONE INC.' 'ALT5 SIGMA CORP']
61,866439,"['KLEVER MARKETING INC' 'DARKPULSE, INC.']"
62,872589,"['REGENERON PHARMACEUTICALS INC' 'REGENERON PHARMACEUTICALS, INC.']"
63,873303,"['AVI BIOPHARMA INC' 'SAREPTA THERAPEUTICS, INC.']"
64,874015,['ISIS PHARMACEUTICALS INC' 'IONIS PHARMACEUTICALS INC']
65,875045,['BIOGEN IDEC INC.' 'BIOGEN INC.']
66,876343,"['BIOTIME INC' 'LINEAGE CELL THERAPEUTICS, INC.']"
67,879585,"['ATLANTIC TELE NETWORK INC /DE' 'ATN INTERNATIONAL, INC.']"
68,879703,['DIRECT INSITE CORP' 'PAYBOX CORP.']
69,882095,"['GILEAD SCIENCES INC' 'GILEAD SCIENCES, INC.']"
70,883975,['STEMCELLS INC' 'MICROBOT MEDICAL INC.']
71,884629,"['WATSON PHARMACEUTICALS INC' 'ACTAVIS, INC.']"
72,885590,"['VALEANT PHARMACEUTICALS INTERNATIONAL, INC.'
 'BAUSCH HEALTH COMPANIES INC.']"
73,887359,['AASTROM BIOSCIENCES INC' 'VERICEL CORP']
74,894158,"['SYNTHETIC BIOLOGICS, INC.' 'THERIVA BIOLOGICS, INC.']"
75,894871,"['THEMAVEN, INC.' 'ARENA GROUP HOLDINGS, INC.']"
76,895051,"['ENTREMED INC' 'CASI PHARMACEUTICALS, INC.']"
77,896429,"['USA TECHNOLOGIES INC' 'CANTALOUPE, INC.']"
78,896878,['INTUIT INC' 'INTUIT INC.']
79,897078,"['TEXTMUNICATION HOLDINGS, INC.' 'RESONATE BLENDS, INC.']"
80,897448,['AMARIN CORP PLC\\UK' 'AMARIN CORP PLCUK']
81,899394,"['HARBOR BIOSCIENCES, INC.' 'HARBOR DIVERSIFIED, INC.']"
82,903651,['INNODATA ISOGEN INC' 'INNODATA INC']
83,907654,"['ARCA BIOPHARMA, INC.' 'ORUKA THERAPEUTICS, INC.']"
84,908259,"['OXIGENE INC' 'MATEON THERAPEUTICS INC' 'ONCOTELIC THERAPEUTICS, INC.']"
85,908937,['SIRIUS XM RADIO INC.' 'SIRIUS XM HOLDINGS INC.']
86,914122,"['MFRI INC' 'PERMA-PIPE INTERNATIONAL HOLDINGS, INC.']"
87,921114,"['AMPLIPHI BIOSCIENCES CORP' 'ARMATA PHARMACEUTICALS, INC.']"
88,926326,"['OMNICELL, INC' 'OMNICELL, INC.']"
89,926617,"['VERMILLION, INC.' ""ASPIRA WOMEN'S HEALTH INC.""]"
90,926844,['CHINA BOTANIC PHARMACEUTICAL' 'FUSS BRANDS CORP.']
91,931059,"['TEGAL CORP /DE/' 'COLLABRX, INC.' 'RENNOVA HEALTH, INC.']"
92,933974,"['BROOKS AUTOMATION INC' 'BROOKS AUTOMATION, INC.' 'AZENTA, INC.']"
93,945617,"['NATUREWELL INC' 'BRAZIL INTERACTIVE MEDIA, INC.'
 'AMERICAN CANNABIS COMPANY, INC.']"
94,946486,['DISCOVERY LABORATORIES INC /DE/' 'WINDTREE THERAPEUTICS INC /DE/']
95,946644,['HEMISPHERX BIOPHARMA INC' 'AIM IMMUNOTECH INC.']
96,948708,"['SMITH MICRO SOFTWARE INC' 'SMITH MICRO SOFTWARE, INC.']"
97,949428,"['CLEAN DIESEL TECHNOLOGIES INC' 'CDTI ADVANCED MATERIALS, INC.']"
98,949858,"['ONCOGENEX PHARMACEUTICALS, INC.' 'ACHIEVE LIFE SCIENCES, INC.']"
99,1001233,"['SANGAMO BIOSCIENCES INC' 'SANGAMO THERAPEUTICS, INC']"
100,1001316,"['MANHATTAN PHARMACEUTICALS INC' 'TG THERAPEUTICS, INC.']"
101,1001601,"['MGT CAPITAL INVESTMENTS INC' 'MGT CAPITAL INVESTMENTS, INC.']"
102,1005201,"['DEPOMED INC' 'ASSERTIO THERAPEUTICS, INC']"
103,1005286,"['LANDEC CORP CA' 'LIFECORE BIOMEDICAL, INC. DE']"
104,1006837,"['PRIMUS TELECOMMUNICATIONS GROUP INC' 'PTGI HOLDING, INC.'
 'HC2 HOLDINGS, INC.']"
105,1009759,"['CAPSTONE TURBINE CORP' 'CAPSTONE GREEN ENERGY CORP'
 'CAPSTONE GREEN ENERGY HOLDINGS, INC.']"
106,1012477,['FLAMEL TECHNOLOGIES SA' 'AVADEL PHARMACEUTICALS PLC']
107,1014763,"['AMARILLO BIOSCIENCES INC' 'AINOS, INC.']"
108,1021435,['GRAPHON CORP/DE' 'HOPTO INC.']
109,1022505,"['NATIONAL SCIENTIFIC CORP/AZ' 'CIPHERLOC CORP' 'SIDECHANNEL, INC.']"
110,1023024,['BIOSANTE PHARMACEUTICALS INC' 'ANI PHARMACEUTICALS INC']
111,1023459,"['SIMULATIONS PLUS INC' 'SIMULATIONS PLUS, INC.']"
112,1029125,"['CIMARRON SOFTWARE INC' 'SUN BIOPHARMA, INC.'
 'PANBELA THERAPEUTICS, INC.']"
113,1032975,['LOGITECH INTERNATIONAL SA' 'LOGITECH INTERNATIONAL S.A.']
114,1036044,"['IDENTIVE GROUP, INC.' 'IDENTIV, INC.']"
115,1040896,"['INTELLICHECK MOBILISA, INC.' 'INTELLICHECK, INC.']"
116,1041657,"['RADIO ONE, INC.' 'URBAN ONE, INC.']"
117,1044777,['VASCO DATA SECURITY INTERNATIONAL INC' 'ONESPAN INC.']
118,1045150,"['TIER TECHNOLOGIES INC' 'OFFICIAL PAYMENTS HOLDINGS, INC.']"
119,1045742,['LIVEDEAL INC' 'LIVE VENTURES INC']
120,1048695,"['F5 NETWORKS INC' 'F5 NETWORKS, INC.' 'F5, INC.']"
121,1050606,"['SALEM COMMUNICATIONS CORP /DE/' 'SALEM MEDIA GROUP, INC. /DE/']"
122,1053691,['RESTORGENEX CORP' 'DIFFUSION PHARMACEUTICALS INC.' 'CERVOMED INC.']
123,1058307,['ORBITAL TRACKING CORP.' 'ORBSAT CORP' 'NEXTPLAT CORP']
124,1061027,"['SUNESIS PHARMACEUTICALS INC' 'VIRACTA THERAPEUTICS, INC.']"
125,1062822,"['LEXICON PHARMACEUTICALS, INC./DE' 'LEXICON PHARMACEUTICALS, INC.']"
126,1065078,['NETWORK 1 SECURITY SOLUTIONS INC' 'NETWORK 1 TECHNOLOGIES INC']
127,1066194,['EGAIN COMMUNICATIONS CORP' 'EGAIN CORP']
128,1069530,['PAIN THERAPEUTICS INC' 'CASSAVA SCIENCES INC']
129,1070050,['APPTECH CORP.' 'APPTECH PAYMENTS CORP.']
130,1080014,"['THERAVANCE INC' 'INNOVIVA, INC.']"
131,1080319,"['NEWGIOCO GROUP, INC.' 'ELYS GAME TECHNOLOGY, CORP.']"
132,1081745,"['GLOBALWISE INVESTMENTS INC' 'INTELLINETICS, INC.']"
133,1081834,['UONLIVE CORP' 'KUBER RESOURCES CORP']
134,1084048,"['J2 GLOBAL COMMUNICATIONS INC' 'J2 GLOBAL, INC.' 'ZIFF DAVIS, INC.']"
135,1085277,"['SKINVISIBLE INC' 'SKINVISIBLE, INC.']"
136,1085621,"['ICG GROUP, INC.' 'ACTUA CORP']"
137,1086303,['PACIFIC WEBWORKS INC' 'HEYU BIOLOGICAL TECHNOLOGY CORP']
138,1086745,"['WPCS INTERNATIONAL INC' 'DROPCAR, INC.' 'AYRO, INC.']"
139,1093636,"['ATLAS TECHNOLOGY GROUP, INC.' 'SAXON CAPITAL GROUP, INC./DE']"
140,1094038,"['TAPIMMUNE INC' 'TAPIMMUNE INC.' 'MARKER THERAPEUTICS, INC.']"
141,1097718,"['ICEWEB INC' 'UNIFIEDONLINE, INC.']"
142,1098009,['CROWN MARKETING' 'AMERICA GREAT HEALTH']
143,1100397,"['ADVAXIS, INC.' 'AYALA PHARMACEUTICALS, INC.']"
144,1107421,"['ZIOPHARM ONCOLOGY INC' 'ALAUNOS THERAPEUTICS, INC.']"
145,1108524,"['SALESFORCE COM INC' 'SALESFORCE.COM, INC.' 'SALESFORCE, INC.']"
146,1119897,['BINGHAM CANYON CORP' 'PCT LTD']
147,1124105,"['TARGACEPT INC' 'CATALYST BIOSCIENCES, INC.' 'GYRE THERAPEUTICS, INC.']"
148,1124804,"['ALLSCRIPTS HEALTHCARE SOLUTIONS, INC.' 'VERADIGM INC.']"
149,1130598,"['ONCONOVA THERAPEUTICS, INC.' 'TRAWS PHARMA, INC.']"
150,1133311,['TRAVELZOO INC' 'TRAVELZOO']
151,1133818,"['BIO-PATH HOLDINGS INC' 'BIO-PATH HOLDINGS, INC.']"
152,1133869,"['NILE THERAPEUTICS, INC.' 'CAPRICOR THERAPEUTICS, INC.']"
153,1134765,"['BAZI INTERNATIONAL, INC.' 'TRUE DRINKS HOLDINGS, INC.'
 ""CHARLIE'S HOLDINGS, INC.""]"
154,1137789,['SEAGATE TECHNOLOGY PLC' 'SEAGATE TECHNOLOGY HOLDINGS PLC']
155,1137883,['BRAINSTORM CELL THERAPEUTICS INC' 'BRAINSTORM CELL THERAPEUTICS INC.']
156,1138978,"['TURBINE TRUCK ENGINES INC' 'NOVO INTEGRATED SCIENCES, INC.']"
157,1142417,"['NEXSTAR BROADCASTING GROUP INC' 'NEXSTAR MEDIA GROUP, INC.']"
158,1144879,"['APPLIED BLOCKCHAIN, INC.' 'APPLIED DIGITAL CORP.']"
159,1156784,"['COROWARE, INC,' 'CARBONMETA TECHNOLOGIES, INC.']"
160,1157075,"['NUVILEX, INC.' 'PHARMACYTE BIOTECH, INC.']"
161,1157601,"['SYNTA PHARMACEUTICALS CORP' 'MADRIGAL PHARMACEUTICALS, INC.']"
162,1158324,"['COGENT COMMUNICATIONS GROUP INC' 'COGENT COMMUNICATIONS HOLDINGS, INC.']"
163,1158780,['PLURISTEM THERAPEUTICS INC' 'PLURI INC.']
164,1159036,"['HALOZYME THERAPEUTICS INC' 'HALOZYME THERAPEUTICS, INC.']"
165,1160308,"['ADVENTRX PHARMACEUTICALS INC' 'MAST THERAPEUTICS, INC.' 'SAVARA INC']"
166,1167419,"['ASPENBIO PHARMA, INC.' 'VENAXIS, INC.' 'BIOPTIX, INC.'
 'RIOT BLOCKCHAIN, INC.']"
167,1169445,"['COMPUTER PROGRAMS & SYSTEMS INC' 'TRUBRIDGE, INC.']"
168,1173313,"['AMERICAN BRIVISION (HOLDING) CORP' 'ABVC BIOPHARMA, INC.']"
169,1173514,"['HYSTER-YALE MATERIALS HANDLING, INC.' 'HYSTER-YALE, INC.']"
170,1174891,"['UPSTREAM BIOSCIENCES INC.' 'REALSOURCE RESIDENTIAL, INC']"
171,1175680,['CYTODYN INC' 'CYTODYN INC.']
172,1178879,"['AMICUS THERAPEUTICS INC' 'AMICUS THERAPEUTICS, INC.']"
173,1211583,['ADHEREX TECHNOLOGIES INC' 'FENNEC PHARMACEUTICALS INC.']
174,1213037,"['TROVAGENE, INC.' 'CARDIFF ONCOLOGY, INC.']"
175,1218683,"['OPHTHALIX, INC.' 'WIZE PHARMA, INC.' 'MAWSON INFRASTRUCTURE GROUP INC.']"
176,1228627,"['REXAHN PHARMACEUTICALS, INC.' 'OCUPHIRE PHARMA, INC.'
 'OPUS GENETICS, INC.']"
177,1236275,"['SILVERSUN TECHNOLOGIES, INC.' 'QXO, INC.']"
178,1261333,"['DOCUSIGN INC' 'DOCUSIGN, INC.']"
179,1262039,"['FORTINET INC' 'FORTINET, INC.']"
180,1265521,"['TRUSTFEED CORP.' 'POLOMAR HEALTH SERVICES, INC.']"
181,1279620,"['VANGUARD MINERALS CORP' 'ZONED PROPERTIES, INC.']"
182,1279704,"['NOVELOS THERAPEUTICS, INC.' 'CELLECTAR BIOSCIENCES, INC.']"
183,1280776,"['VITAL THERAPIES INC' 'IMMUNIC, INC.']"
184,1281895,"['INOTEK PHARMACEUTICALS CORP' 'ROCKET PHARMACEUTICALS, INC.']"
185,1283699,"['METROPCS COMMUNICATIONS INC' 'T-MOBILE US, INC.']"
186,1289945,"['USA MOBILITY, INC' 'SPOK HOLDINGS, INC']"
187,1292653,"['NEUTRAL TANDEM INC' 'INTELIQUENT, INC.']"
188,1295947,"['PRESTIGE BRANDS HOLDINGS, INC.' 'PRESTIGE CONSUMER HEALTHCARE INC.']"
189,1304492,"['PACIFIC DATAVISION, INC.' 'PDVWIRELESS, INC.' 'ANTERIX INC.']"
190,1308161,"['NEWS CORP' 'TWENTY-FIRST CENTURY FOX, INC.']"
191,1313938,"['NAPRODIS, INC.' 'SIBANNAC, INC.']"
192,1321834,"['AKERS BIOSCIENCES INC' 'AKERS BIOSCIENCES, INC.'
 'MYMD PHARMACEUTICALS, INC.' 'TNF PHARMACEUTICALS, INC.']"
193,1326110,"['NANTKWEST, INC.' 'IMMUNITYBIO, INC.']"
194,1326190,"['PHARMATHENE, INC' 'ALTIMMUNE, INC.']"
195,1326801,"['FACEBOOK INC' 'META PLATFORMS, INC.']"
196,1333513,"['DEALERTRACK HOLDINGS, INC.' 'DEALERTRACK TECHNOLOGIES, INC']"
197,1336920,"['SAIC, INC.' 'LEIDOS HOLDINGS, INC.']"
198,1341878,"['MOBIFORM SOFTWARE INC' 'B-SCADA, INC.']"
199,1343009,['CANNABICS PHARMACEUTICALS INC.' 'CNBX PHARMACEUTICALS INC.']
200,1345865,"['HIPSO MULTIMEDIA, INC.' 'BUILDABLOCK CORP.']"
201,1346287,['CHINA TELETECH HOLDING INC' 'CLUSTER GROUP HOLDINGS LTD CO']
202,1347242,['LIPELLA PHARMACEUTICALS INC' 'LIPELLA PHARMACEUTICALS INC.']
203,1348911,"['CARBYLAN THERAPEUTICS, INC.' 'KALVISTA PHARMACEUTICALS, INC.']"
204,1351636,"['SHOTSPOTTER, INC' 'SOUNDTHINKING, INC.']"
205,1355096,['LIBERTY MEDIA CORP' 'LIBERTY INTERACTIVE CORP']
206,1355250,['CELLCEUTIX CORP' 'INNOVATION PHARMACEUTICALS INC.']
207,1356093,"['WIRELESS RONIN TECHNOLOGIES INC' 'CREATIVE REALITIES, INC.']"
208,1356576,"['SUPERNUS PHARMACEUTICALS INC' 'SUPERNUS PHARMACEUTICALS, INC.']"
209,1357459,"['NEURALSTEM, INC.' 'SENECA BIOPHARMA, INC.' 'PALISADE BIO, INC.']"
210,1359931,"['PROTEON THERAPEUTICS INC' 'ARTARA THERAPEUTICS, INC.'
 'PROTARA THERAPEUTICS, INC.']"
211,1360214,"['TRANSDEL PHARMACEUTICALS INC' 'IMPRIMIS PHARMACEUTICALS, INC.'
 'HARROW HEALTH, INC.' 'HARROW, INC.']"
212,1360565,"['INTEGRATED MANAGEMENT INFORMATION, INC.' 'WHERE FOOD COMES FROM, INC.']"
213,1368365,"['REMARK MEDIA, INC.' 'REMARK HOLDINGS, INC.']"
214,1369568,"['CATALYST PHARMACEUTICAL PARTNERS, INC.' 'CATALYST PHARMACEUTICALS, INC.']"
215,1370053,"['ANAPTYSBIO INC' 'ANAPTYSBIO, INC']"
216,1372514,['EYEGATE PHARMACEUTICALS INC' 'KIORA PHARMACEUTICALS INC']
217,1373444,['SOPAC CELLULAR SOLUTIONS INC.' 'ITALK INC.']
218,1374328,"['BOND LABORATORIES, INC.' 'FITLIFE BRANDS, INC.']"
219,1374690,"['ZAFGEN, INC.' 'LARIMAR THERAPEUTICS, INC.']"
220,1376231,"['SOLEIL CAPITAL L.P.' 'VPR BRANDS, LP.']"
221,1376321,"['CHINANET ONLINE HOLDINGS, INC.' 'ZW DATA ACTION TECHNOLOGIES INC.']"
222,1384905,"['RINGCENTRAL INC' 'RINGCENTRAL, INC.']"
223,1385818,"['AYTU BIOSCIENCE, INC' 'AYTU BIOPHARMA, INC']"
224,1390478,"['GALENA BIOPHARMA, INC.' 'SELLAS LIFE SCIENCES GROUP, INC.']"
225,1391135,['ACQUIRED SALES CORP' 'LFTD PARTNERS INC.']
226,1393781,['WIKISOFT CORP.' 'QUALITY INDUSTRIAL CORP.']
227,1396536,"['INFORMATION SYSTEMS ASSOCIATES, INC.' 'DUOS TECHNOLOGIES GROUP, INC.']"
228,1396814,"['PACIRA PHARMACEUTICALS, INC.' 'PACIRA BIOSCIENCES, INC.']"
229,1400891,"['CC MEDIA HOLDINGS INC' 'IHEARTMEDIA, INC.']"
230,1401914,"['CERULEAN PHARMA INC.' 'DARE BIOSCIENCE, INC.']"
231,1402328,"['SUNSHINE BIOPHARMA, INC' 'SUNSHINE BIOPHARMA INC.']"
232,1404281,"['TOKAI PHARMACEUTICALS INC' 'NOVUS THERAPEUTICS, INC.'
 'ELEDON PHARMACEUTICALS, INC.']"
233,1404644,"['AQUINOX PHARMACEUTICALS, INC' 'NEOLEUKIN THERAPEUTICS, INC.'
 'NEUROGENE INC.']"
234,1405660,"['CHINA DIGITAL VENTURES CORP' 'PARADIGM RESOURCE MANAGEMENT CORP'
 'ALTERNATIVE INVESTMENT CORP']"
235,1412486,"['BIOZONE PHARMACEUTICALS, INC.' 'COCRYSTAL PHARMA, INC.']"
236,1413488,"['MICROCHANNEL TECHNOLOGIES CORP' 'MCTC HOLDINGS, INC.'
 'CANNABIS GLOBAL, INC.']"
237,1413891,"['SPECTRUM GLOBAL SOLUTIONS, INC.' 'HIGH WIRE NETWORKS, INC.']"
238,1414043,"['TITAN IRON ORE CORP.' 'IHOOKUP SOCIAL, INC.' 'FRIENDABLE, INC.']"
239,1419041,"['TOCAGEN INC' 'FORTE BIOSCIENCES, INC.']"
240,1420565,"['AILERON THERAPEUTICS INC' 'AILERON THERAPEUTICS, INC.'
 'REIN THERAPEUTICS, INC.']"
241,1421981,"['WEB WIZARD, INC.' 'PSYCHIC FRIENDS NETWORK INC.' 'PEER TO PEER NETWORK']"
242,1422142,"['AERPIO PHARMACEUTICALS, INC.' 'AADI BIOSCIENCE, INC.'
 'WHITEHAWK THERAPEUTICS, INC.']"
243,1424812,"['AMARANTUS BIOSCIENCES, INC.' 'AMARANTUS BIOSCIENCE HOLDINGS, INC.']"
244,1425205,"['LION BIOTECHNOLOGIES, INC.' 'IOVANCE BIOTHERAPEUTICS, INC.']"
245,1426800,"['VENTRUS BIOSCIENCES INC' 'ASSEMBLY BIOSCIENCES, INC.']"
246,1427644,"['TELCO CUBA, INC..' 'TELCO CUBA, INC.']"
247,1427925,"['ACELRX PHARMACEUTICALS INC' 'TALPHERA, INC.']"
248,1429260,"['CORONADO BIOSCIENCES INC' 'FORTRESS BIOTECH, INC.']"
249,1433660,['JOHN BEAN TECHNOLOGIES CORP' 'JBT MAREL CORP']
250,1434601,"['MUSIC OF YOUR LIFE INC' 'MARQUIE GROUP, INC.']"
251,1434647,"['KEMPHARM, INC' 'ZEVRA THERAPEUTICS, INC.']"
252,1436229,"['TOUCHIT TECHNOLOGIES, INC.' 'BITCOIN SHOP INC.' 'BTCS INC.']"
253,1437107,"['DISCOVERY COMMUNICATIONS, INC.' 'DISCOVERY, INC.'
 'WARNER BROS. DISCOVERY, INC.']"
254,1437283,"['VIRTUAL PIGGY, INC.' 'REGO PAYMENT ARCHITECTURES, INC.']"
255,1437517,"['ADVANCED CREDIT TECHNOLOGIES INC' 'CYBERLOQ TECHNOLOGIES, INC.']"
256,1438533,"['RETROPHIN, INC.' 'TRAVERE THERAPEUTICS, INC.']"
257,1439222,"['AGIOS PHARMACEUTICALS INC' 'AGIOS PHARMACEUTICALS, INC.']"
258,1439288,"['REXNORD CORP' 'ZURN WATER SOLUTIONS CORP'
 'ZURN ELKAY WATER SOLUTIONS CORP']"
259,1444192,"['ACASTI PHARMA INC.' 'GRACE THERAPEUTICS, INC.']"
260,1447028,['TEKMIRA PHARMACEUTICALS CORP' 'ARBUTUS BIOPHARMA CORP']
261,1447380,['COMMERCETEL CORP' 'MOBIVITY HOLDINGS CORP.']
262,1449447,"['ENTEST BIOMEDICAL, INC.' 'ENTEST GROUP, INC.']"
263,1449574,"['ECRYPT TECHNOLOGIES, INC.' 'BRAVATEK SOLUTIONS, INC.']"
264,1451512,"['TERRA TECH CORP.' 'UNRIVALED BRANDS, INC.']"
265,1453593,"['BACTERIN INTERNATIONAL HOLDINGS, INC.' 'XTANT MEDICAL HOLDINGS, INC.']"
266,1453687,"['SELECTA BIOSCIENCES INC' 'CARTESIAN THERAPEUTICS, INC.']"
267,1454742,"['HDS INTERNATIONAL CORP.' 'GOOD GAMING, INC.']"
268,1454789,"['CATABASIS PHARMACEUTICALS INC' 'ASTRIA THERAPEUTICS, INC.']"
269,1460702,"['RITTER PHARMACEUTICALS INC' 'QUALIGEN THERAPEUTICS, INC.']"
270,1462223,"['SA RECOVERY CORP.' 'TRULI MEDIA GROUP, INC.' 'TRULI TECHNOLOGIES, INC.'
 'RECRUITER.COM GROUP, INC.' 'NIXXY, INC.']"
271,1463792,"['CELLDONATE INC.' 'GOLD TORRENT, INC.']"
272,1464165,['NEUROKINE PHARMACEUTICALS INC.' 'PIVOT PHARMACEUTICALS INC.']
273,1471781,['FOREX INTERNATIONAL TRADING CORP.' 'GOPHER PROTOCOL INC.']
274,1472091,"['EDGE THERAPEUTICS, INC.' 'PDS BIOTECHNOLOGY CORP']"
275,1473654,"['ALPHAPOINT TECHNOLOGY, INC.' 'LEVELBLOX, INC.']"
276,1476963,"['HEAT BIOLOGICS, INC.' 'NIGHTHAWK BIOSCIENCES, INC.'
 'SCORPIUS HOLDINGS, INC.']"
277,1479419,"['KALA PHARMACEUTICALS, INC.' 'KALA BIO, INC.']"
278,1482554,"['PHOTOAMIGO, INC.' 'HARTFORD GREAT HEALTH CORP.']"
279,1485003,"['ELEVEN BIOTHERAPEUTICS, INC.' 'SESEN BIO, INC.'
 'CARISMA THERAPEUTICS INC.']"
280,1486957,"['BABCOCK & WILCOX CO' 'BWX TECHNOLOGIES, INC.']"
281,1487522,"['GLASSESOFF INC.' 'INNOVISION LABS, INC']"
282,1488039,"['ATOSSA GENETICS INC' 'ATOSSA THERAPEUTICS, INC.']"
283,1490054,"['APPIPHANY TECHNOLOGIES HOLDINGS CORP' 'VERDE BIO HOLDINGS, INC.']"
284,1492448,['DISCOVERY GOLD CORP' 'GRN HOLDING CORP']
285,1497130,"['VANTAGE HEALTH' 'NANO MOBILE HEALTHCARE, INC.']"
286,1497253,"['ORGANOVO HOLDINGS, INC.' 'VIVOSIM LABS, INC.']"
287,1498067,"['PROGAMING PLATFORMS CORP' 'BREEDIT CORP.' 'TECHCARE CORP.'
 'CITRINE GLOBAL, CORP.']"
288,1498382,"['DELMAR PHARMACEUTICALS, INC.' 'KINTARA THERAPEUTICS, INC.'
 'TUHURA BIOSCIENCES, INC./NV']"
289,1499961,"['NET ELEMENT INTERNATIONAL, INC.' 'NET ELEMENT, INC.'
 'MULLEN AUTOMOTIVE INC.']"
290,1501697,"['ARSANIS, INC.' 'X4 PHARMACEUTICALS, INC']"
291,1501756,"['AVALANCHE BIOTECHNOLOGIES, INC.' 'ADVERUM BIOTECHNOLOGIES, INC.']"
292,1504239,"['ALTERNATIVE ENERGY & ENVIRONMENTAL SOLUTIONS, INC.'
 'POINT OF CARE NANO-TECHNOLOGY, INC.']"
293,1504678,"['FIRST AMERICAN GROUP INC.' 'LOOP INDUSTRIES, INC.']"
294,1509261,"['ANTRIABIO, INC.' 'REZOLUTE, INC.']"
295,1509957,"['WRAPMAIL, INC.' 'CANBIOLA, INC.']"
296,1510964,"['CANNAVEST CORP.' 'CV SCIENCES, INC.']"
297,1511820,['GLOBE NET WIRELESS CORP.' 'STEMTECH CORP']
298,1512673,"['SQUARE, INC.' 'BLOCK, INC.']"
299,1512922,"['TECHNOLOGIES SCAN CORP' 'PETVIVO HOLDINGS, INC.']"
300,1513856,"['BLUEFLASH COMMUNICATIONS, INC.' 'NEUROTROPE, INC.']"
301,1514056,"['TRAQIQ, INC.' 'TITAN ENVIRONMENTAL SOLUTIONS INC.']"
302,1516551,"['NEMUS BIOSCIENCE, INC.' 'EMERALD BIOSCIENCE, INC.'
 'SKYE BIOSCIENCE, INC.']"
303,1517389,"['LIBERTY VISION, INC.' 'JIU FENG INVESTMENT HONG KONG LTD'
 'JUBILANT FLAME INTERNATIONAL, LTD']"
304,1517681,"['PROPANC HEALTH GROUP CORP' 'PROPANC BIOPHARMA, INC.']"
305,1520047,"['PHARMA INVESTING NEWS, INC.' 'IMMUNOCLIN CORP']"
306,1521013,"['ISOFT INTERNATIONAL INC.' 'PULSE NETWORK, INC.']"
307,1522767,['WORLDS ONLINE INC.' 'MARIMED INC.']
308,1527599,"['MIRNA THERAPEUTICS, INC.' 'SYNLOGIC, INC.']"
309,1527728,"['DANDRIT BIOTECH USA, INC.' 'ENOCHIAN BIOSCIENCES INC'
 'RENOVARO BIOSCIENCES INC.' 'RENOVARO INC.']"
310,1528188,"['GOFF, CORP' 'WORLDWIDE NFT INC.']"
311,1528875,"['SPECIALIZER INC.' 'ANPULO FOOD DEVELOPMENT, INC.']"
312,1529113,"['SYSOREX GLOBAL HOLDINGS CORP.' 'SYSOREX GLOBAL' 'INPIXON'
 'XTI AEROSPACE, INC.']"
313,1533040,['RXI PHARMACEUTICALS CORP' 'PHIO PHARMACEUTICALS CORP.']
314,1533743,"['HEATWURX, INC.' 'PROCESSA PHARMACEUTICALS, INC.']"
315,1534120,"['CERECOR INC.' 'AVALO THERAPEUTICS, INC.']"
316,1534133,"['GRAYBUG VISION, INC.' 'CALCIMEDICA, INC.']"
317,1534154,['IIM GLOBAL CORP' 'ID GLOBAL SOLUTIONS CORP' 'IPSIDY INC.' 'AUTHID INC.']
318,1534248,['ANCHIANO THERAPEUTICS LTD.' 'CHEMOMAB THERAPEUTICS LTD.']
319,1535469,"['REALESTATE PATHWAYS, INC.' 'NOHO, INC.']"
320,1537435,['TECOGEN INC' 'TECOGEN INC.']
321,1540159,"['STELLAR BIOTECHNOLOGIES, INC.' 'EDESA BIOTECH, INC.']"
322,1541157,['CELSUS THERAPEUTICS PLC.' 'AKARI THERAPEUTICS PLC']
323,1544227,"['OVASCIENCE, INC.' 'MILLENDO THERAPEUTICS, INC.'
 'TEMPEST THERAPEUTICS, INC.']"
324,1546392,"['MEDIA MECHANICS, INC.' 'GAWK INC.']"
325,1551887,['VGRAB COMMUNICATIONS INC.' 'DUESENBERG TECHNOLOGIES INC.']
326,1552189,"['EXACTUS, INC.' 'PANACEA LIFE SCIENCES HOLDINGS, INC.']"
327,1556801,"['OCONN INDUSTRIES CORP' 'DIAMANTE MINERALS, INC.']"
328,1557340,"['GREEN MEADOW PRODUCTS, INC.' 'OPTEC INTERNATIONAL, INC.']"
329,1557376,"['ORGANICELL REGENERATIVE MEDICINE, INC.' 'ZEO SCIENTIFIX, INC.']"
330,1559053,['PROTHENA CORP PLC' 'PROTHENA CORP PUBLIC LTD CO']
331,1562733,['SYNERGY STRIPS CORP.' 'SYNERGY CHC CORP.']
332,1566044,['MENLO THERAPEUTICS INC.' 'VYNE THERAPEUTICS INC.']
333,1568385,"['BRIGHT MOUNTAIN HOLDINGS, INC./FL' 'BRIGHT MOUNTAIN ACQUISITION CORP'
 'BRIGHT MOUNTAIN MEDIA, INC.']"
334,1570585,['LIBERTY GLOBAL PLC' 'LIBERTY GLOBAL LTD.']
335,1574235,"['RUTHIGEN, INC.' 'PULMATRIX, INC.']"
336,1580149,"['NANOANTIBIOTICS, INC.' 'BIOVIE INC.']"
337,1580262,"['HEALTHTALK LIVE, INC.' 'RIGHT ON BRANDS, INC.']"
338,1580836,"['GREEN SUPPLEMENTS ONLINE INC'
 'LVYUAN GREEN BUILDING MATERIAL TECHNOLOGY CORP.']"
339,1582249,"['ACTIVE WITH ME INC.' 'RASNA THERAPEUTICS INC.'
 'ACTAVIA LIFE SCIENCES, INC.']"
340,1582982,"['MEDICAL TRANSCRIPTION BILLING, CORP' 'MTBC, INC.' 'CARECLOUD, INC.']"
341,1583648,"['PIERIS PHARMACEUTICALS, INC.' 'PALVELLA THERAPEUTICS, INC.']"
342,1583771,"['CONTRAVIR PHARMACEUTICALS, INC.' 'HEPION PHARMACEUTICALS, INC.']"
343,1584480,"['UPPERSOLUTION.COM' 'STARTECH LABS, INC.']"
344,1585521,"['ZOOM VIDEO COMMUNICATIONS, INC.' 'ZOOM COMMUNICATIONS, INC.']"
345,1585608,"['JAGUAR ANIMAL HEALTH, INC.' 'JAGUAR HEALTH, INC.']"
346,1593184,"['FINDIT, INC.' 'BIOREGENX, INC.']"
347,1593204,"['ADAIAH DISTRIBUTION INC' 'HUAIZHONG HEALTH GROUP, INC.']"
348,1595974,"['RUBICON PROJECT, INC.' 'MAGNITE, INC.']"
349,1596062,"['ISMO TECH SOLUTIONS, INC.' 'Q BIOMED INC.']"
350,1596961,"['SMART SERVER, INC' 'RUMBLEON, INC.']"
351,1597846,"['GREENPRO, INC.' 'GREENPRO CAPITAL CORP.']"
352,1601485,"['ANGION BIOMEDICA CORP.' 'ELICIO THERAPEUTICS, INC.']"
353,1604191,"['AZURRX BIOPHARMA, INC.' 'FIRST WAVE BIOPHARMA, INC.'
 'ENTERO THERAPEUTICS, INC.']"
354,1615169,['KARNET CAPITAL CORP.' 'JIN WAN HONG INTERNATIONAL HOLDINGS LTD']
355,1615219,"['FLEX PHARMA, INC.' 'SALARIUS PHARMACEUTICALS, INC.']"
356,1615999,"['TYG SOLUTIONS CORP.' 'KANNALIFE INC' 'NEUROPATHIX, INC.']"
357,1618835,"['NEOTHETICS, INC.' 'EVOFEM BIOSCIENCES, INC.']"
358,1619227,"['CLOUDWEB, INC.' 'DATA BACKUP SOLUTIONS, INC.']"
359,1621697,['AMBER GROUP INC' 'NATURAL HEALTH FARM HOLDINGS INC']
360,1622229,"['UNUM THERAPEUTICS INC.' 'COGENT BIOSCIENCES, INC.']"
361,1622244,"['PUNTO GROUP, CORP.' 'ONE WORLD PHARMA, INC.' 'ONE WORLD PRODUCTS, INC.']"
362,1626745,"['CRYPTO-SERVICES, INC.' 'FORTUNE VALLEY TREASURES, INC.']"
363,1627014,"['BLACK KNIGHT FINANCIAL SERVICES, INC.' 'BLACK KNIGHT, INC.']"
364,1627041,"['EBIZWARE, INC.' 'VISIBER57 CORP.']"
365,1627475,"['UPWORK INC.' 'UPWORK, INC']"
366,1630176,['GREY CLOAK TECH INC.' 'HEALTHY EXTRACTS INC.']
367,1630212,['GLOBAL TECHNOLOGIES CORP' 'AVALON GLOBOCARE CORP.']
368,1635748,"['UVIC INC.' 'ZOOMPASS HOLDINGS, INC.']"
369,1636050,"['AXOVANT SCIENCES LTD.' 'AXOVANT GENE THERAPIES LTD.'
 'SIO GENE THERAPIES INC.']"
370,1636282,"['AEGLEA BIOTHERAPEUTICS, INC.' 'SPYRE THERAPEUTICS, INC.']"
371,1637715,"['RENEO PHARMACEUTICALS, INC.' 'ONKURE THERAPEUTICS, INC.']"
372,1638287,"['GEMPHIRE THERAPEUTICS INC.' 'NEUROBO PHARMACEUTICALS, INC.'
 'METAVIA INC.']"
373,1647822,"['SAVMOBI TECHNOLOGY INC.' 'JINGBO TECHNOLOGY, INC.']"
374,1649989,"['ONCOBIOLOGICS, INC.' 'OUTLOOK THERAPEUTICS, INC.']"
375,1650648,"['4D MOLECULAR THERAPEUTICS INC.' '4D MOLECULAR THERAPEUTICS, INC.']"
376,1661998,"['HOMOLOGY MEDICINES, INC.' 'Q32 BIO INC.']"
377,1662774,"['CORTEXYME, INC.' 'QUINCE THERAPEUTICS, INC.']"
378,1671858,"['SILVERBACK THERAPEUTICS, INC.' 'ARS PHARMACEUTICALS, INC.']"
379,1672619,"['IMARA INC.' 'ENLIVEN THERAPEUTICS, INC.']"
380,1676852,"['GLOLEX, INC.' 'OMNIA WELLNESS INC.']"
381,1681087,"['AVROBIO, INC.' 'TECTONIC THERAPEUTIC, INC.']"
382,1683252,"['PACIFIC MEDIA GROUP ENTERPRISES, INC.' 'TOKEN COMMUNITIES LTD.']"
383,1684144,['ZOMEDICA PHARMACEUTICALS CORP.' 'ZOMEDICA CORP.']
384,1684508,"['ZARTEX INC.' 'CANNIS, INC.']"
385,1690585,"['MAGENTA THERAPEUTICS, INC.' 'DIANTHUS THERAPEUTICS, INC. /DE/']"
386,1691077,"['YAYYO, INC.' 'EVMO, INC.']"
387,1691430,['FREIGHT SOLUTION INC' 'QUANTA INC']
388,1697532,"['APPLIED THERAPEUTICS INC.' 'APPLIED THERAPEUTICS, INC.']"
389,1699150,"['GARDNER DENVER HOLDINGS, INC.' 'INGERSOLL RAND INC.']"
390,1703647,"['FREQUENCY THERAPEUTICS, INC.' 'KORRO BIO, INC.']"
391,1708527,"['AZIYO BIOLOGICS, INC.' 'ELUTIA INC.']"
392,1708599,"['AGEX THERAPEUTICS, INC.' 'SERINA THERAPEUTICS, INC.']"
393,1710495,['MINARO CORP' 'PINEAPPLE EXPRESS CANNABIS CO']
394,1716947,"['LEISURE ACQUISITION CORP.' 'ENSYSCE BIOSCIENCES, INC.']"
395,1719406,"['BIG ROCK PARTNERS ACQUISITION CORP.' 'NRX PHARMACEUTICALS, INC.']"
396,1720580,"['RESTORBIO, INC.' 'ADICET BIO, INC.']"
397,1723128,"['ATLAS HOLDINGS, INC.' 'AMNEAL PHARMACEUTICALS, INC.']"
398,1725057,"['CERIDIAN HCM HOLDING INC.' 'DAYFORCE, INC.']"
399,1726711,"['ADITX THERAPEUTICS, INC.' 'ADITXT, INC.']"
400,1730430,"['KINIKSA PHARMACEUTICALS, LTD.'
 'KINIKSA PHARMACEUTICALS INTERNATIONAL, PLC']"
401,1730732,['LIVE INC' 'GUURU CORP.' '3FORCES INC.']
402,1730869,"['OBITX, INC.' 'EVERYTHING BLOCKCHAIN, INC.']"
403,1731348,"['TILRAY, INC.' 'TILRAY BRANDS, INC.']"
404,1740797,['FREECOOK' 'TREND INNOVATIONS HOLDING INC.' 'AVANT TECHNOLOGIES INC.']
405,1743725,"['CHASERG TECHNOLOGY ACQUISITION CORP' 'GRID DYNAMICS HOLDINGS, INC.']"
406,1746278,"['LOVARRA' 'GOLOGIQ, INC.']"
407,1752828,['GX ACQUISITION CORP.' 'CELULARITY INC']
408,1753391,"['BIGEON CORP.' 'TANCHENG GROUP CO., LTD.']"
409,1756390,"['ASCEND WELLNESS HOLDINGS, INC' 'ASCEND WELLNESS HOLDINGS, INC.']"
410,1763329,"['MYCOTOPIA THERAPIES, INC.' 'AIBOTICS, INC.']"
411,1764046,['CLARIVATE ANALYTICS PLC' 'CLARIVATE PLC']
412,1765048,"['CHARMT, INC.' 'GUOCHUN INTERNATIONAL INC.']"
413,1768446,"['ELIEM THERAPEUTICS, INC.' 'CLIMB BIO, INC.']"
414,1771706,"['GOODNESS GROWTH HOLDINGS, INC.' 'VIREO GROWTH INC.']"
415,1775194,"['GROVE, INC.' 'UPEXI, INC.']"
416,1777921,"['APEX TECHNOLOGY ACQUISITION CORP' 'AVEPOINT, INC.']"
417,1779474,"['SILVER SPIKE ACQUISITION CORP.' 'WM TECHNOLOGY, INC.']"
418,1781629,"['ANKAM INC.' 'ANKAM, INC.']"
419,1782107,"['BLUE WATER VACCINES INC.' 'ONCONETIX, INC.']"
420,1784970,['WETRADE GROUP INC.' 'NEXT TECHNOLOGY HOLDING INC.']
421,1785592,"['MERIDA MERGER CORP. I' 'LEAFLY HOLDINGS, INC. /DE']"
422,1786352,"['BILL.COM HOLDINGS, INC.' 'BILL HOLDINGS, INC.']"
423,1789972,"['CULLINAN ONCOLOGY, INC.' 'CULLINAN THERAPEUTICS, INC.']"
424,1792044,['UPJOHN INC' 'VIATRIS INC']
425,1800227,['IAC/INTERACTIVECORP' 'IAC INC.']
426,1800392,['VENUS ACQUISITION CORP' 'MICROALGO INC.']
427,1801602,"['TUATARA CAPITAL ACQUISITION CORP' 'SPRINGBIG HOLDINGS, INC.']"
428,1805651,"['ASCENDANT DIGITAL ACQUISITION CORP.' 'MARKETWISE, INC.']"
429,1815776,"['GRAPHITE BIO, INC.' 'LENZ THERAPEUTICS, INC.']"
430,1816736,"['GEMINI THERAPEUTICS, INC. /DE' 'DISC MEDICINE, INC.']"
431,1818201,"['DRAGONEER GROWTH OPPORTUNITIES CORP.'
 'CCC INTELLIGENT SOLUTIONS HOLDINGS INC.']"
432,1818844,"['VIRIOS THERAPEUTICS, INC.' 'DOGWOOD THERAPEUTICS, INC.']"
433,1819253,['HAYMAKER ACQUISITION CORP. III' 'BIOTE CORP.']
434,1819404,['TPG PACE TECH OPPORTUNITIES CORP.' 'NERDY INC.']
435,1821586,['HELIX ACQUISITION CORP' 'MOONLAKE IMMUNOTHERAPEUTICS']
436,1824293,"['VALLON PHARMACEUTICALS, INC.' 'GRI BIO, INC.']"
437,1827506,"['TALARIS THERAPEUTICS, INC.' 'TOURMALINE BIO, INC.']"
438,1828185,['VACCITECH PLC' 'BARINTHUS BIOTHERAPEUTICS PLC.']
439,1832038,"['ADAGIO THERAPEUTICS, INC.' 'INVIVYD, INC.']"
440,1837240,['SVF INVESTMENT CORP. 3' 'SYMBOTIC INC.']
441,1837607,"['PRIVETERRA ACQUISITION CORP.' 'AEON BIOPHARMA, INC.']"
442,1840563,['ELEVAI LABS INC.' 'PMGC HOLDINGS INC.']
443,1850270,['SOCIAL CAPITAL SUVRETTA HOLDINGS CORP. III' 'PROKIDNEY CORP.']
444,1851484,"['TENX KEANE ACQUISITION' 'CITIUS ONCOLOGY, INC.']"
445,1854270,"['DYNAMICS SPECIAL PURPOSE CORP.' 'SENTI BIOSCIENCES, INC.']"
446,1861657,"['HILLSTREAM BIOPHARMA INC.' 'THARIMMUNE, INC.']"
447,1879293,"['MYSON, INC.' 'MAG MILE CAPITAL, INC.']"
448,1883835,['PLASMA INNOVATIVE INC.' 'ESG INC.']
449,1895618,['NFT GAMING CO INC.' 'GAXOS.AI INC.']
450,1911545,"['HANRYU HOLDINGS, INC.' 'GLOBAL INTERACTIVE TECHNOLOGIES, INC.']"
451,1919246,['CHROMOCELL THERAPEUTICS CORP' 'CHANNEL THERAPEUTICS CORP']
452,1977837,['ALIXO-YOLLOO CORP.' 'ALIXO-YOLLOO CORP']
